PID,Arrival_Time_ms,Burst_Time_ms,Priority
101,0.0,187,156
102,87.3,145,132
103,245.8,176,189
104,312.6,112,101
105,389.1,198,167
106,433.5,129,105
107,494.7,181,112
108,586.4,155,149
109,765.2,134,188
110,823.7,197,110
111,901.3,163,103
112,1012.6,192,125
113,1098.4,148,186
114,1176.9,106,164
115,1334.5,177,107
116,1456.8,119,128
117,1501.2,200,115
118,1598.7,136,178
119,1687.3,151,120
120,1802.4,184,137
121,1923.6,130,191
122,2056.9,143,114
123,2189.7,196,139
124,2234.2,124,162
125,2345.8,166,180
126,2456.3,109,118
127,2567.9,133,175
128,2678.4,188,104
129,2789.6,152,169
130,2890.7,121,153
131,2987.3,159,124
132,3123.8,141,142
133,3234.5,173,106
134,3345.9,118,192
135,3456.7,194,130
136,3567.8,126,181
137,3689.1,180,165
138,3789.6,137,140
139,3890.2,153,190
140,4012.6,116,199
141,4123.9,189,111
142,4234.5,164,154
143,4345.7,114,147
144,4456.9,182,161
145,4567.3,150,135
146,4678.9,167,193
147,4789.6,102,172
148,4890.7,178,195
149,5012.3,110,170
150,5123.7,201,197
151,7305.2,165,159
152,7489.6,138,126
153,7552.1,200,184
154,7623.7,107,152
155,7689.4,193,119
156,7856.3,156,109
157,7965.8,142,131
158,8123.6,174,148
159,8289.7,111,163
160,8376.4,195,122
161,8456.9,127,182
162,8598.7,168,134
163,8654.2,140,116
164,8723.8,199,157
165,8890.6,113,141
166,8956.3,185,171
167,9123.7,123,194
168,9289.4,146,108
169,9356.8,172,183
170,9476.5,158,129
171,9568.9,161,150
172,9654.7,135,176
173,9723.1,117,102
174,9856.4,190,121
175,9965.8,154,143
176,10089.6,179,155
177,10234.7,147,136
178,10345.8,131,187
179,10456.9,144,160
180,10567.4,170,144
181,10723.6,125,166
182,10845.7,183,113
183,10956.8,132,177
184,11067.9,149,138
185,11178.4,157,168
186,11289.6,171,123
187,11398.7,122,196
188,11506.9,191,127
189,11645.8,128,145
190,11756.3,162,158
191,11867.4,139,173
192,11978.9,175,185
193,12089.6,108,133
194,12198.7,186,117
195,12305.8,160,179
196,12423.6,104,146
197,12534.7,169,151
198,12645.8,142,198
199,12756.9,197,174
200,12867.4,153,200
